SK_ID_CURR,name,birthdate,city,zipcode,street_address,TARGET,NAME_CONTRACT_TYPE,CODE_GENDER,FLAG_OWN_CAR,FLAG_OWN_REALTY,CNT_CHILDREN,AMT_INCOME_TOTAL,AMT_CREDIT,AMT_ANNUITY,AMT_GOODS_PRICE,NAME_TYPE_SUITE,NAME_INCOME_TYPE,NAME_EDUCATION_TYPE,NAME_FAMILY_STATUS,NAME_HOUSING_TYPE,REGION_POPULATION_RELATIVE,DAYS_BIRTH,DAYS_EMPLOYED,DAYS_REGISTRATION,DAYS_ID_PUBLISH,OWN_CAR_AGE,FLAG_MOBIL,FLAG_EMP_PHONE,FLAG_WORK_PHONE,FLAG_CONT_MOBILE,FLAG_PHONE,FLAG_EMAIL,OCCUPATION_TYPE,CNT_FAM_MEMBERS,REGION_RATING_CLIENT,REGION_RATING_CLIENT_W_CITY,WEEKDAY_APPR_PROCESS_START,HOUR_APPR_PROCESS_START,REG_REGION_NOT_LIVE_REGION,REG_REGION_NOT_WORK_REGION,LIVE_REGION_NOT_WORK_REGION,REG_CITY_NOT_LIVE_CITY,REG_CITY_NOT_WORK_CITY,LIVE_CITY_NOT_WORK_CITY,ORGANIZATION_TYPE,EXT_SOURCE_1,EXT_SOURCE_2,EXT_SOURCE_3,APARTMENTS_AVG,BASEMENTAREA_AVG,YEARS_BEGINEXPLUATATION_AVG,YEARS_BUILD_AVG,COMMONAREA_AVG,ELEVATORS_AVG,ENTRANCES_AVG,FLOORSMAX_AVG,FLOORSMIN_AVG,LANDAREA_AVG,LIVINGAPARTMENTS_AVG,LIVINGAREA_AVG,NONLIVINGAPARTMENTS_AVG,NONLIVINGAREA_AVG,APARTMENTS_MODE,BASEMENTAREA_MODE,YEARS_BEGINEXPLUATATION_MODE,YEARS_BUILD_MODE,COMMONAREA_MODE,ELEVATORS_MODE,ENTRANCES_MODE,FLOORSMAX_MODE,FLOORSMIN_MODE,LANDAREA_MODE,LIVINGAPARTMENTS_MODE,LIVINGAREA_MODE,NONLIVINGAPARTMENTS_MODE,NONLIVINGAREA_MODE,APARTMENTS_MEDI,BASEMENTAREA_MEDI,YEARS_BEGINEXPLUATATION_MEDI,YEARS_BUILD_MEDI,COMMONAREA_MEDI,ELEVATORS_MEDI,ENTRANCES_MEDI,FLOORSMAX_MEDI,FLOORSMIN_MEDI,LANDAREA_MEDI,LIVINGAPARTMENTS_MEDI,LIVINGAREA_MEDI,NONLIVINGAPARTMENTS_MEDI,NONLIVINGAREA_MEDI,FONDKAPREMONT_MODE,HOUSETYPE_MODE,TOTALAREA_MODE,WALLSMATERIAL_MODE,EMERGENCYSTATE_MODE,OBS_30_CNT_SOCIAL_CIRCLE,DEF_30_CNT_SOCIAL_CIRCLE,OBS_60_CNT_SOCIAL_CIRCLE,DEF_60_CNT_SOCIAL_CIRCLE,DAYS_LAST_PHONE_CHANGE,FLAG_DOCUMENT_2,FLAG_DOCUMENT_3,FLAG_DOCUMENT_4,FLAG_DOCUMENT_5,FLAG_DOCUMENT_6,FLAG_DOCUMENT_7,FLAG_DOCUMENT_8,FLAG_DOCUMENT_9,FLAG_DOCUMENT_10,FLAG_DOCUMENT_11,FLAG_DOCUMENT_12,FLAG_DOCUMENT_13,FLAG_DOCUMENT_14,FLAG_DOCUMENT_15,FLAG_DOCUMENT_16,FLAG_DOCUMENT_17,FLAG_DOCUMENT_18,FLAG_DOCUMENT_19,FLAG_DOCUMENT_20,FLAG_DOCUMENT_21,AMT_REQ_CREDIT_BUREAU_HOUR,AMT_REQ_CREDIT_BUREAU_DAY,AMT_REQ_CREDIT_BUREAU_WEEK,AMT_REQ_CREDIT_BUREAU_MON,AMT_REQ_CREDIT_BUREAU_QRT,AMT_REQ_CREDIT_BUREAU_YEAR
100002,Kelli Doyle,1925-12-31,North Barbara,92126,757 Williams Land Apt. 457,1,Cash loans,M,N,Y,0,202500.0,406597.5,24700.5,351000.0,Unaccompanied,Working,Secondary / secondary special,Single / not married,House / apartment,0.018801,-9461,-637,-3648.0,-2120,,1,1,0,1,1,0,Laborers,1.0,2,2,WEDNESDAY,10,0,0,0,0,0,0,Business Entity Type 3,0.08303696739132256,0.2629485927471776,0.13937578009978951,0.0247,0.0369,0.9722,0.6192,0.0143,0.0,0.069,0.0833,0.125,0.0369,0.0202,0.019,0.0,0.0,0.0252,0.0383,0.9722,0.6341,0.0144,0.0,0.069,0.0833,0.125,0.0377,0.022000000000000002,0.0198,0.0,0.0,0.025,0.0369,0.9722,0.6243,0.0144,0.0,0.069,0.0833,0.125,0.0375,0.0205,0.0193,0.0,0.0,reg oper account,block of flats,0.0149,"Stone, brick",No,2.0,2.0,2.0,2.0,-1134.0,0,1,0,0,0,0,0,0,0,0,0,0,0,0,0,0,0,0,0,0,0.0,0.0,0.0,0.0,0.0,1.0
100003,Devin Miller,1950-06-06,Birdberg,68442,28868 Brooks Pike,0,Cash loans,F,N,N,0,270000.0,1293502.5,35698.5,1129500.0,Family,State servant,Higher education,Married,House / apartment,0.003540999999999999,-16765,-1188,-1186.0,-291,,1,1,0,1,1,0,Core staff,2.0,1,1,MONDAY,11,0,0,0,0,0,0,School,0.3112673113812225,0.6222457752555098,,0.0959,0.0529,0.9851,0.7959999999999999,0.0605,0.08,0.0345,0.2917,0.3333,0.013000000000000001,0.0773,0.0549,0.0039,0.0098,0.0924,0.0538,0.9851,0.804,0.0497,0.0806,0.0345,0.2917,0.3333,0.0128,0.079,0.0554,0.0,0.0,0.0968,0.0529,0.9851,0.7987,0.0608,0.08,0.0345,0.2917,0.3333,0.0132,0.0787,0.0558,0.0039,0.01,reg oper account,block of flats,0.0714,Block,No,1.0,0.0,1.0,0.0,-828.0,0,1,0,0,0,0,0,0,0,0,0,0,0,0,0,0,0,0,0,0,0.0,0.0,0.0,0.0,0.0,0.0
100004,Allen Martin,1985-03-05,Lake Michelleburgh,92621,601 Mary Via,0,Revolving loans,M,Y,Y,0,67500.0,135000.0,6750.0,135000.0,Unaccompanied,Working,Secondary / secondary special,Single / not married,House / apartment,0.010032,-19046,-225,-4260.0,-2531,26.0,1,1,1,1,1,0,Laborers,1.0,2,2,MONDAY,9,0,0,0,0,0,0,Government,,0.5559120833904428,0.7295666907060153,,,,,,,,,,,,,,,,,,,,,,,,,,,,,,,,,,,,,,,,,,,,,,,,0.0,0.0,0.0,0.0,-815.0,0,0,0,0,0,0,0,0,0,0,0,0,0,0,0,0,0,0,0,0,0.0,0.0,0.0,0.0,0.0,0.0
100006,Tiffany Austin,1981-11-19,Port Jerry,99360,72827 Levine Island Suite 405,0,Cash loans,F,N,Y,0,135000.0,312682.5,29686.5,297000.0,Unaccompanied,Working,Secondary / secondary special,Civil marriage,House / apartment,0.008019,-19005,-3039,-9833.0,-2437,,1,1,0,1,0,0,Laborers,2.0,2,2,WEDNESDAY,17,0,0,0,0,0,0,Business Entity Type 3,,0.6504416904014653,,,,,,,,,,,,,,,,,,,,,,,,,,,,,,,,,,,,,,,,,,,,,,,,,2.0,0.0,2.0,0.0,-617.0,0,1,0,0,0,0,0,0,0,0,0,0,0,0,0,0,0,0,0,0,,,,,,
100007,Thomas Woodard,1983-12-15,Johnland,84887,9585 Christensen Knoll,0,Cash loans,M,N,Y,0,121500.0,513000.0,21865.5,513000.0,Unaccompanied,Working,Secondary / secondary special,Single / not married,House / apartment,0.028663,-19932,-3038,-4311.0,-3458,,1,1,0,1,0,0,Core staff,1.0,2,2,THURSDAY,11,0,0,0,0,1,1,Religion,,0.3227382869704046,,,,,,,,,,,,,,,,,,,,,,,,,,,,,,,,,,,,,,,,,,,,,,,,,0.0,0.0,0.0,0.0,-1106.0,0,0,0,0,0,0,1,0,0,0,0,0,0,0,0,0,0,0,0,0,0.0,0.0,0.0,0.0,0.0,0.0
100008,James Sandoval,2015-05-07,South Tyler,91239,668 David Turnpike,0,Cash loans,M,N,Y,0,99000.0,490495.5,27517.5,454500.0,"Spouse, partner",State servant,Secondary / secondary special,Married,House / apartment,0.035792000000000004,-16941,-1588,-4970.0,-477,,1,1,1,1,1,0,Laborers,2.0,2,2,WEDNESDAY,16,0,0,0,0,0,0,Other,,0.3542247319929012,0.6212263380626669,,,,,,,,,,,,,,,,,,,,,,,,,,,,,,,,,,,,,,,,,,,,,,,,0.0,0.0,0.0,0.0,-2536.0,0,1,0,0,0,0,0,0,0,0,0,0,0,0,0,0,0,0,0,0,0.0,0.0,0.0,0.0,1.0,1.0
100009,James Wright,1979-04-02,New Joseberg,60769,99184 Allen Passage,0,Cash loans,F,Y,Y,1,171000.0,1560726.0,41301.0,1395000.0,Unaccompanied,Commercial associate,Higher education,Married,House / apartment,0.035792000000000004,-13778,-3130,-1213.0,-619,17.0,1,1,0,1,1,0,Accountants,3.0,2,2,SUNDAY,16,0,0,0,0,0,0,Business Entity Type 3,0.7747614130547695,0.7239998516953141,0.4920600938649263,,,,,,,,,,,,,,,,,,,,,,,,,,,,,,,,,,,,,,,,,,,,,,,,1.0,0.0,1.0,0.0,-1562.0,0,0,0,0,0,0,1,0,0,0,0,0,1,0,0,0,0,0,0,0,0.0,0.0,0.0,1.0,1.0,2.0
100010,Emily Farley,1924-06-28,Barnettland,24010,77389 Daniel Glen Apt. 469,0,Cash loans,M,Y,Y,0,360000.0,1530000.0,42075.0,1530000.0,Unaccompanied,State servant,Higher education,Married,House / apartment,0.003122,-18850,-449,-4597.0,-2379,8.0,1,1,1,1,0,0,Managers,2.0,3,3,MONDAY,16,0,0,0,0,1,1,Other,,0.7142792864482229,0.5406544504453575,,,,,,,,,,,,,,,,,,,,,,,,,,,,,,,,,,,,,,,,,,,,,,,,2.0,0.0,2.0,0.0,-1070.0,0,1,0,0,0,0,0,0,0,0,0,0,0,0,0,0,0,0,0,0,0.0,0.0,0.0,0.0,0.0,0.0
100011,Jeffrey Erickson,1924-09-16,Steinberg,05529,4896 Davis Well,0,Cash loans,F,N,Y,0,112500.0,1019610.0,33826.5,913500.0,Children,Pensioner,Secondary / secondary special,Married,House / apartment,0.018634,-20099,365243,-7427.0,-3514,,1,0,0,1,0,0,,2.0,2,2,WEDNESDAY,14,0,0,0,0,0,0,XNA,0.5873340468730377,0.20574728800732814,0.7517237147741489,,,,,,,,,,,,,,,,,,,,,,,,,,,,,,,,,,,,,,,,,,,,,,,,1.0,0.0,1.0,0.0,0.0,0,1,0,0,0,0,0,0,0,0,0,0,0,0,0,0,0,0,0,0,0.0,0.0,0.0,0.0,0.0,1.0
100012,Robert Hodge,1908-08-08,Carolynchester,57544,1264 Wright Garden Apt. 172,0,Revolving loans,M,N,Y,0,135000.0,405000.0,20250.0,405000.0,Unaccompanied,Working,Secondary / secondary special,Single / not married,House / apartment,0.019689,-14469,-2019,-14437.0,-3992,,1,1,0,1,0,0,Laborers,1.0,2,2,THURSDAY,8,0,0,0,0,0,0,Electricity,,0.7466436294590924,,,,,,,,,,,,,,,,,,,,,,,,,,,,,,,,,,,,,,,,,,,,,,,,,2.0,0.0,2.0,0.0,-1673.0,0,0,0,0,0,0,0,0,0,0,0,0,0,0,0,0,0,0,0,0,,,,,,
100014,Michelle Ford,1946-02-27,Allenborough,22358,66395 Matthew Ferry,0,Cash loans,F,N,Y,1,112500.0,652500.0,21177.0,652500.0,Unaccompanied,Working,Higher education,Married,House / apartment,0.0228,-10197,-679,-4427.0,-738,,1,1,0,1,0,0,Core staff,3.0,2,2,SATURDAY,15,0,0,0,0,0,0,Medicine,0.3197601716755032,0.6518623334244781,0.363945238612397,,,,,,,,,,,,,,,,,,,,,,,,,,,,,,,,,,,,,,,,,,,,,,,,0.0,0.0,0.0,0.0,-844.0,0,1,0,0,0,0,0,0,0,0,0,0,0,0,0,0,0,0,0,0,0.0,0.0,0.0,1.0,0.0,0.0
100015,Heather Young DDS,2010-10-02,Emilyhaven,92157,966 Lauren Isle,0,Cash loans,F,N,Y,0,38419.155,148365.0,10678.5,135000.0,Children,Pensioner,Secondary / secondary special,Married,House / apartment,0.015221,-20417,365243,-5246.0,-2512,,1,0,0,1,1,0,,2.0,2,2,FRIDAY,7,0,0,0,0,0,0,XNA,0.7220444501416448,0.5551831615131809,0.6528965519806539,,,,,,,,,,,,,,,,,,,,,,,,,,,,,,,,,,,,,,,,,,,,,,,,0.0,0.0,0.0,0.0,-2396.0,0,0,0,0,1,0,0,0,0,0,0,0,0,0,0,0,0,0,0,0,0.0,0.0,0.0,0.0,0.0,2.0
100016,Connie Rodgers,1928-03-24,Millerton,25352,6483 Barton Village Suite 053,0,Cash loans,F,N,Y,0,67500.0,80865.0,5881.5,67500.0,Unaccompanied,Working,Secondary / secondary special,Married,House / apartment,0.031329,-13439,-2717,-311.0,-3227,,1,1,1,1,1,0,Laborers,2.0,2,2,FRIDAY,10,0,0,0,0,0,0,Business Entity Type 2,0.4648311169632833,0.7150418188660659,0.1766525794312139,0.0825,,0.9811,,,0.0,0.2069,0.1667,,0.0135,,0.0778,,0.0,0.084,,0.9811,,,0.0,0.2069,0.1667,,0.0138,,0.081,,0.0,0.0833,,0.9811,,,0.0,0.2069,0.1667,,0.0137,,0.0792,,0.0,reg oper account,block of flats,0.0612,,No,0.0,0.0,0.0,0.0,-2370.0,0,1,0,0,0,0,0,0,0,0,0,0,0,0,0,0,0,0,0,0,0.0,0.0,0.0,1.0,0.0,0.0
100017,Stacy Martin,1906-03-28,South Justin,97297,274 Nicole Creek Suite 442,0,Cash loans,M,Y,N,1,225000.0,918468.0,28966.5,697500.0,Unaccompanied,Working,Secondary / secondary special,Married,House / apartment,0.016612000000000002,-14086,-3028,-643.0,-4911,23.0,1,1,0,1,0,0,Drivers,3.0,2,2,THURSDAY,13,0,0,0,0,0,0,Self-employed,,0.5669066132460429,0.7700870700124128,0.1474,0.0973,0.9806,0.7348,0.0582,0.16,0.1379,0.3333,0.375,0.0931,0.1202,0.1397,0.0,0.0,0.1502,0.10099999999999999,0.9806,0.7452,0.0587,0.1611,0.1379,0.3333,0.375,0.0952,0.1313,0.1456,0.0,0.0,0.1489,0.0973,0.9806,0.7383,0.0585,0.16,0.1379,0.3333,0.375,0.0947,0.1223,0.1422,0.0,0.0,reg oper account,block of flats,0.1417,Panel,No,0.0,0.0,0.0,0.0,-4.0,0,1,0,0,0,0,0,0,0,0,0,0,0,0,0,0,0,0,0,0,0.0,0.0,0.0,0.0,0.0,1.0
100018,William Thomas,2003-01-14,Lake Taylorhaven,22420,729 Justin Springs Apt. 679,0,Cash loans,F,N,Y,0,189000.0,773680.5,32778.0,679500.0,Unaccompanied,Working,Secondary / secondary special,Married,House / apartment,0.010006,-14583,-203,-615.0,-2056,,1,1,0,1,0,0,Laborers,2.0,2,1,MONDAY,9,0,0,0,0,0,0,Transport: type 2,0.7219397686622343,0.6426562048311103,,0.3495,0.1335,0.9985,0.9796,0.1143,0.4,0.1724,0.6667,0.7083,0.1758,0.2849,0.3774,0.0193,0.1001,0.3561,0.1386,0.9985,0.9804,0.1153,0.4028,0.1724,0.6667,0.7083,0.1798,0.3113,0.3932,0.0195,0.106,0.3529,0.1335,0.9985,0.9799,0.115,0.4,0.1724,0.6667,0.7083,0.1789,0.2899,0.3842,0.0194,0.1022,reg oper account,block of flats,0.3811,Panel,No,0.0,0.0,0.0,0.0,-188.0,0,1,0,0,0,0,0,0,0,0,0,0,0,0,0,0,0,0,0,0,,,,,,
100019,Carmen Medina,1933-04-04,Shannonborough,32958,8258 Joseph Islands,0,Cash loans,M,Y,Y,0,157500.0,299772.0,20160.0,247500.0,Family,Working,Secondary / secondary special,Single / not married,Rented apartment,0.020713,-8728,-1157,-3494.0,-1368,17.0,1,1,0,1,0,0,Laborers,1.0,3,3,SATURDAY,6,0,0,0,1,1,0,Business Entity Type 2,0.11563433726229973,0.34663398139668,0.6785676886853644,,,,,,,,,,,,,,,,,,,,,,,,,,,,,,,,,,,,,,,,,,,,,,,,0.0,0.0,0.0,0.0,-925.0,0,0,0,0,0,0,1,0,0,0,0,0,0,0,0,0,0,0,0,0,0.0,0.0,0.0,0.0,0.0,1.0
100020,Lawrence Townsend,1984-04-07,West Jennifer,96962,510 Mitchell Viaduct Apt. 947,0,Cash loans,M,N,N,0,108000.0,509602.5,26149.5,387000.0,Unaccompanied,Working,Secondary / secondary special,Married,House / apartment,0.018634,-12931,-1317,-6392.0,-3866,,1,1,0,1,0,0,Drivers,2.0,2,2,THURSDAY,12,0,0,0,1,1,0,Government,,0.2363778398884225,0.06210303783729682,,,,,,,,,,,,,,,,,,,,,,,,,,,,,,,,,,,,,,,,,,,,,,,,0.0,0.0,0.0,0.0,-3.0,0,1,0,0,0,0,0,0,0,0,0,0,0,0,0,0,0,0,0,0,0.0,0.0,0.0,0.0,1.0,0.0
100021,Michael Chang,1988-11-01,Marissamouth,05805,641 Kyle Plain Apt. 916,0,Revolving loans,F,N,Y,1,81000.0,270000.0,13500.0,270000.0,Unaccompanied,Working,Secondary / secondary special,Married,House / apartment,0.010966,-9776,-191,-4143.0,-2427,,1,1,0,1,0,0,Laborers,3.0,2,2,MONDAY,10,0,0,0,1,1,0,Construction,,0.6835133461914255,,,,,,,,,,,,,,,,,,,,,,,,,,,,,,,,,,,,,,,,,,,,,,,,,4.0,0.0,4.0,0.0,-2811.0,0,0,0,0,0,0,0,0,0,0,0,0,0,0,0,0,0,0,0,0,,,,,,
100022,Anthony Richardson,1989-08-03,Lake Brian,06964,5746 Russo Mountain,0,Revolving loans,F,N,Y,0,112500.0,157500.0,7875.0,157500.0,Other_A,Working,Secondary / secondary special,Widow,House / apartment,0.04622,-17718,-7804,-8751.0,-1259,,1,1,0,1,1,0,Laborers,1.0,1,1,FRIDAY,13,0,0,0,0,0,0,Housing,,0.7064284028871654,0.5567274263630174,0.0278,0.0617,0.9881,0.8368,0.0018,0.0,0.1034,0.0833,0.125,0.0279,0.0227,0.028999999999999998,0.0,0.0,0.0284,0.064,0.9881,0.8432,0.0018,0.0,0.1034,0.0833,0.125,0.0286,0.0248,0.0302,0.0,0.0,0.0281,0.0617,0.9881,0.8390000000000001,0.0018,0.0,0.1034,0.0833,0.125,0.0284,0.0231,0.0295,0.0,0.0,reg oper account,block of flats,0.0238,"Stone, brick",No,8.0,0.0,8.0,0.0,-239.0,0,1,0,0,0,0,0,0,0,0,0,0,0,0,0,0,0,0,0,0,0.0,0.0,0.0,0.0,0.0,0.0
100023,Jennifer Herrera,1931-11-25,Carolynton,28211,548 Matthew Knoll,0,Cash loans,F,N,Y,1,90000.0,544491.0,17563.5,454500.0,Unaccompanied,State servant,Higher education,Single / not married,House / apartment,0.015221,-11348,-2038,-1021.0,-3964,,1,1,1,1,1,0,Core staff,2.0,2,2,MONDAY,12,0,0,0,0,0,0,Kindergarten,,0.5866171400119664,0.4776491548517548,,,,,,,,,,,,,,,,,,,,,,,,,,,,,,,,,,,,,,,,,,,,,,,,0.0,0.0,0.0,0.0,-1850.0,0,1,0,0,0,0,0,0,0,0,0,0,0,0,0,0,0,0,0,0,0.0,0.0,0.0,0.0,0.0,2.0
100024,Pamela Morgan,2000-02-06,Heathermouth,01110,447 Barbara Field,0,Revolving loans,M,Y,Y,0,135000.0,427500.0,21375.0,427500.0,Unaccompanied,Working,Secondary / secondary special,Married,House / apartment,0.015221,-18252,-4286,-298.0,-1800,7.0,1,1,0,1,0,0,Laborers,2.0,2,2,FRIDAY,13,0,0,0,0,0,0,Self-employed,0.5656548824667073,0.11337451271992707,,0.0722,0.0801,0.9781,0.7008,,0.0,0.1379,0.1667,0.0417,0.0534,0.0588,0.0619,0.0,0.0,0.0735,0.0831,0.9782,0.7125,,0.0,0.1379,0.1667,0.0417,0.0546,0.0643,0.0645,0.0,0.0,0.0729,0.0801,0.9781,0.7048,,0.0,0.1379,0.1667,0.0417,0.0543,0.0599,0.063,0.0,0.0,reg oper account,block of flats,0.053,"Stone, brick",No,0.0,0.0,0.0,0.0,-296.0,0,0,0,0,0,0,0,0,0,0,0,0,0,0,0,0,0,0,0,0,,,,,,
100025,Taylor Cruz,1967-09-30,Port Jessicaland,92987,02549 Devin Hollow,0,Cash loans,F,Y,Y,1,202500.0,1132573.5,37561.5,927000.0,Unaccompanied,Commercial associate,Secondary / secondary special,Married,House / apartment,0.025164,-14815,-1652,-2299.0,-2299,14.0,1,1,0,1,0,0,Sales staff,3.0,2,2,MONDAY,9,0,0,0,0,0,0,Trade: type 7,0.43770901984754174,0.2337669575081463,0.5424451438613613,,,,,,,,,,,,,,,,,,,,,,,,,,,,,,,,,,,,,,,,,,,,,,,,0.0,0.0,0.0,0.0,0.0,0,1,0,0,0,0,0,0,0,0,0,0,0,0,0,0,0,0,0,0,0.0,0.0,0.0,0.0,1.0,4.0
100026,Chad Martin,1956-08-07,Grantshire,91898,335 Strickland Plaza Suite 521,0,Cash loans,F,N,N,1,450000.0,497520.0,32521.5,450000.0,Unaccompanied,Working,Secondary / secondary special,Married,Rented apartment,0.020713,-11146,-4306,-114.0,-2518,,1,1,0,1,0,0,Sales staff,3.0,3,2,THURSDAY,6,0,0,0,0,0,0,Self-employed,,0.457142971588935,0.35895122857839673,0.0907,0.0795,0.9786,0.7076,0.012,0.0,0.2069,0.1667,0.2083,0.0898,0.0723,0.0873,0.0077,0.0044,0.0924,0.0825,0.9786,0.7190000000000001,0.0121,0.0,0.2069,0.1667,0.2083,0.0918,0.079,0.091,0.0078,0.0047,0.0916,0.0795,0.9786,0.7115,0.012,0.0,0.2069,0.1667,0.2083,0.0913,0.0735,0.0889,0.0078,0.0045,reg oper account,block of flats,0.0696,Panel,No,0.0,0.0,0.0,0.0,-468.0,0,1,0,0,0,0,0,0,0,0,0,0,0,0,0,0,0,0,0,0,0.0,0.0,0.0,0.0,0.0,5.0
100027,William Potts,1986-07-01,Campbellside,85974,030 Padilla Plains Suite 370,0,Cash loans,F,N,Y,0,83250.0,239850.0,23850.0,225000.0,Unaccompanied,Pensioner,Secondary / secondary special,Married,House / apartment,0.006296,-24827,365243,-9012.0,-3684,,1,0,0,1,1,0,,2.0,3,3,FRIDAY,12,0,0,0,0,0,0,XNA,,0.6243047373592765,0.6690566947824041,0.1443,0.0848,0.9876,0.83,0.1064,0.14,0.1207,0.375,0.4167,0.2371,0.1173,0.1484,0.0019,0.0007,0.1261,0.0754,0.9876,0.8367,0.0,0.1208,0.1034,0.375,0.4167,0.2425,0.1102,0.0923,0.0,0.0,0.1457,0.0848,0.9876,0.8323,0.1071,0.14,0.1207,0.375,0.4167,0.2412,0.1193,0.151,0.0019,0.0007,org spec account,block of flats,0.16399999999999998,Mixed,No,0.0,0.0,0.0,0.0,-795.0,0,0,0,0,1,0,0,0,0,0,0,0,0,0,0,0,0,0,0,0,0.0,0.0,0.0,0.0,0.0,3.0
100029,Cheryl Johnson,1979-06-30,West Williammouth,91168,3101 Christopher Forges,0,Cash loans,M,Y,N,2,135000.0,247500.0,12703.5,247500.0,Unaccompanied,Working,Secondary / secondary special,Married,House / apartment,0.026392,-11286,-746,-108.0,-3729,7.0,1,1,0,1,0,0,Drivers,4.0,2,2,THURSDAY,14,0,0,0,0,1,1,Business Entity Type 3,,0.7861793090532118,0.5656079814115492,0.1433,0.1455,0.9861,0.8096,0.0212,0.0,0.3103,0.1667,0.2083,0.0861,0.1168,0.1217,0.0,0.0043,0.146,0.1509,0.9861,0.8171,0.0214,0.0,0.3103,0.1667,0.2083,0.0881,0.1276,0.1268,0.0,0.0045,0.1447,0.1455,0.9861,0.8121,0.0214,0.0,0.3103,0.1667,0.2083,0.0876,0.1189,0.1239,0.0,0.0044,reg oper account,block of flats,0.0967,Panel,No,1.0,1.0,1.0,0.0,-4.0,0,1,0,0,0,0,0,0,0,0,0,0,0,0,0,0,0,0,0,0,0.0,0.0,0.0,0.0,0.0,0.0
100030,Steven Sanders,1916-02-13,West Andrewburgh,99024,0009 Coleman Cove,0,Cash loans,F,N,Y,0,90000.0,225000.0,11074.5,225000.0,Unaccompanied,Working,Secondary / secondary special,Married,House / apartment,0.028663,-19334,-3494,-2419.0,-2893,,1,1,0,1,1,0,Cleaning staff,2.0,2,2,SATURDAY,8,0,0,0,0,0,0,Business Entity Type 3,0.5619484093041138,0.6514056365297631,0.4614823912998385,0.0722,0.0147,0.9781,0.7008,0.001,0.0,0.1379,0.1667,0.0417,0.0498,0.0588,0.067,0.0,0.0,0.0735,0.0153,0.9782,0.7125,0.001,0.0,0.1379,0.1667,0.0417,0.0509,0.0643,0.0698,0.0,0.0,0.0729,0.0147,0.9781,0.7048,0.001,0.0,0.1379,0.1667,0.0417,0.0506,0.0599,0.0682,0.0,0.0,reg oper account,block of flats,0.0533,"Stone, brick",No,0.0,0.0,0.0,0.0,0.0,0,1,0,0,0,0,0,0,0,0,0,0,0,0,0,0,0,0,0,0,0.0,0.0,0.0,0.0,0.0,0.0
100031,Jennifer Smith,1949-01-21,Petersonview,58988,05978 Brian Mills Apt. 868,1,Cash loans,F,N,Y,0,112500.0,979992.0,27076.5,702000.0,Unaccompanied,Working,Secondary / secondary special,Widow,House / apartment,0.018029,-18724,-2628,-6573.0,-1827,,1,1,0,1,0,0,Cooking staff,1.0,3,2,MONDAY,9,0,0,0,0,0,0,Business Entity Type 3,,0.5484771599678789,0.190705947811054,0.0165,0.0089,0.9732,,,0.0,0.069,0.0417,,0.0265,,0.0094,,0.0,0.0168,0.0092,0.9732,,,0.0,0.069,0.0417,,0.0271,,0.0083,,0.0,0.0167,0.0089,0.9732,,,0.0,0.069,0.0417,,0.027000000000000003,,0.0096,,0.0,,block of flats,0.0085,Wooden,Yes,10.0,1.0,10.0,0.0,-161.0,0,1,0,0,0,0,0,0,0,0,0,0,0,0,1,0,0,0,0,0,0.0,0.0,0.0,0.0,2.0,2.0
100032,Shannon Hayden,1911-01-14,Mitchellbury,08203,4235 Lewis Courts Apt. 953,0,Cash loans,M,N,Y,1,112500.0,327024.0,23827.5,270000.0,Family,Working,Secondary / secondary special,Married,House / apartment,0.019101,-15948,-1234,-5782.0,-3153,,1,1,0,1,0,0,Laborers,3.0,2,2,SATURDAY,10,0,0,0,0,1,1,Industry: type 11,,0.5411237022695412,0.6594055320683344,,,,,,,,,,,,,,,,,,,,,,,,,,,,,,,,,,,,,,,,,,,,,,,,2.0,0.0,2.0,0.0,-2.0,0,1,0,0,0,0,0,0,0,0,0,0,0,0,0,0,0,0,0,0,0.0,0.0,0.0,0.0,0.0,0.0
100033,Charlene Moreno,1944-08-13,New Gregoryside,07877,98909 Bell Run,0,Cash loans,M,Y,Y,0,270000.0,790830.0,57676.5,675000.0,Unaccompanied,State servant,Higher education,Single / not married,House / apartment,0.04622,-9994,-1796,-4668.0,-2661,1.0,1,1,0,1,0,1,,1.0,1,1,WEDNESDAY,11,0,1,1,0,0,0,Military,0.6003959050009468,0.6850109901296888,0.524496446363472,,,,,,,,,,,,,,,,,,,,,,,,,,,,,,,,,,,,,,,,,,,,,,,,0.0,0.0,0.0,0.0,-849.0,0,0,0,0,0,0,1,0,0,0,0,0,0,0,0,0,0,0,0,0,0.0,0.0,0.0,1.0,0.0,1.0
100034,Evelyn Hernandez,1958-01-01,Port Nancyville,15480,0906 Logan Via Apt. 332,0,Revolving loans,M,N,Y,0,90000.0,180000.0,9000.0,180000.0,Unaccompanied,Working,Higher education,Single / not married,With parents,0.030755,-10341,-1010,-4799.0,-3015,,1,1,0,1,0,0,Laborers,1.0,2,2,TUESDAY,16,0,0,0,0,0,0,Business Entity Type 3,0.2979135090150507,0.5027790378786304,,0.1505,0.0838,0.9831,0.7688,0.0188,0.16,0.1379,0.3333,0.375,0.0872,0.121,0.1412,0.0077,0.0061,0.1534,0.087,0.9831,0.7779,0.019,0.1611,0.1379,0.3333,0.375,0.0892,0.1322,0.1471,0.0078,0.0065,0.152,0.0838,0.9831,0.7719,0.0189,0.16,0.1379,0.3333,0.375,0.0887,0.1231,0.1437,0.0078,0.0063,reg oper account,block of flats,0.1227,Panel,No,0.0,0.0,0.0,0.0,-599.0,0,0,0,0,0,0,0,0,0,0,0,0,0,0,0,0,0,0,0,0,,,,,,
100035,Amanda Prince,1911-10-11,Josephport,29410,450 Kelly Valley Apt. 385,0,Cash loans,F,N,Y,0,292500.0,665892.0,24592.5,477000.0,Unaccompanied,Commercial associate,Secondary / secondary special,Civil marriage,House / apartment,0.025164,-15280,-2668,-5266.0,-3787,,1,1,0,1,0,1,,2.0,2,2,WEDNESDAY,13,0,0,0,0,0,0,Business Entity Type 3,,0.479987342189869,0.4101025731788671,0.0124,,0.9697,,,0.0,0.069,0.0417,,,,0.0149,,0.0,0.0126,,0.9697,,,0.0,0.069,0.0417,,,,0.0155,,0.0,0.0125,,0.9697,,,0.0,0.069,0.0417,,,,0.0152,,0.0,,block of flats,0.0117,Others,No,0.0,0.0,0.0,0.0,-1634.0,0,1,0,0,0,0,0,0,0,0,0,0,0,0,0,0,0,0,0,0,0.0,0.0,0.0,1.0,0.0,5.0
100036,Diana Young,1909-12-17,Port Kathleen,36548,0403 Zimmerman Track,0,Cash loans,F,N,Y,0,112500.0,512064.0,25033.5,360000.0,Family,Working,Secondary / secondary special,Civil marriage,House / apartment,0.008575,-11144,-1104,-7846.0,-2904,,1,1,0,1,0,0,Private service staff,2.0,2,2,TUESDAY,12,0,0,0,0,0,0,Services,0.2744223724911185,0.6273004007953609,,0.3670000000000001,0.3751,0.9901,,,0.28,0.4828,0.375,,0.1569,,0.2574,,,0.3739,0.3893,0.9901,,,0.282,0.4828,0.375,,0.1604,,0.2682,,,0.3706,0.3751,0.9901,,,0.28,0.4828,0.375,,0.1596,,0.262,,,,block of flats,0.3388,Block,No,2.0,0.0,2.0,0.0,-397.0,0,1,0,0,0,0,0,0,0,0,0,0,0,0,0,0,0,0,0,0,0.0,0.0,0.0,0.0,2.0,5.0
100037,Monique Murray,1942-07-24,New Henryberg,63203,87886 Jordan Ridge Apt. 873,0,Cash loans,F,N,N,0,90000.0,199008.0,20893.5,180000.0,Unaccompanied,Working,Secondary / secondary special,Civil marriage,House / apartment,0.010032,-12974,-4404,-7123.0,-4464,,1,1,1,1,0,0,Laborers,2.0,2,2,SATURDAY,11,0,0,0,0,0,0,Business Entity Type 2,,0.5594667916353414,0.7981372313187245,0.0928,,0.9801,,,0.0,0.2069,0.1667,,,,0.0602,,0.0436,0.0945,,0.9801,,,0.0,0.2069,0.1667,,,,0.0627,,0.0461,0.0937,,0.9801,,,0.0,0.2069,0.1667,,,,0.0613,,0.0445,,block of flats,0.0684,Panel,No,0.0,0.0,0.0,0.0,-2766.0,0,1,0,0,0,0,0,0,0,0,0,0,0,0,0,0,0,0,0,0,0.0,0.0,0.0,0.0,0.0,2.0
100039,Nicole Huber DDS,2010-04-13,Fryfurt,73865,8872 Jordan Center Apt. 348,0,Cash loans,M,Y,N,1,360000.0,733315.5,39069.0,679500.0,Unaccompanied,Commercial associate,Secondary / secondary special,Married,House / apartment,0.015221,-11694,-2060,-3557.0,-3557,3.0,1,1,0,1,0,0,Drivers,3.0,2,2,THURSDAY,10,0,0,0,1,1,0,Self-employed,,0.32174489566177183,0.41184855592423975,,,,,,,,,,,,,,,,,,,,,,,,,,,,,,,,,,,,,,,,,,,,,,,,2.0,0.0,2.0,0.0,-697.0,0,0,0,0,0,0,1,0,0,0,0,0,0,0,0,0,0,0,0,0,0.0,0.0,0.0,0.0,1.0,1.0
100040,Michael Sawyer,2012-07-28,Ochoaberg,75902,455 Samantha Walks,0,Cash loans,F,N,Y,0,135000.0,1125000.0,32895.0,1125000.0,Unaccompanied,State servant,Higher education,Married,House / apartment,0.019689,-15997,-4585,-5735.0,-4067,,1,1,0,1,0,0,Core staff,2.0,2,2,FRIDAY,14,0,0,0,0,0,0,Security Ministries,,0.17249750814777715,,0.0825,0.0804,0.9762,0.6736,0.0056,0.0,0.1379,0.1667,0.2083,0.038,0.0672,0.0637,0.0,0.0,0.084,0.0835,0.9762,0.6864,0.0057,0.0,0.1379,0.1667,0.2083,0.0389,0.0735,0.0664,0.0,0.0,0.0833,0.0804,0.9762,0.6779999999999999,0.0057,0.0,0.1379,0.1667,0.2083,0.0387,0.0684,0.0648,0.0,0.0,reg oper account,block of flats,0.0532,"Stone, brick",No,0.0,0.0,0.0,0.0,-3019.0,0,1,0,0,0,0,0,0,0,0,0,0,0,0,0,0,0,0,0,0,,,,,,
100041,Heather Perry,1951-08-03,Hernandezland,39829,072 Andrew Way,0,Cash loans,F,N,N,0,112500.0,450000.0,44509.5,450000.0,Unaccompanied,Working,Higher education,Married,House / apartment,0.008575,-12158,-1275,-6265.0,-2009,,1,1,1,1,1,0,Sales staff,2.0,2,2,MONDAY,19,0,0,0,0,0,0,Self-employed,,0.6631580756296298,0.6785676886853644,0.0948,0.0792,0.9861,0.8096,,0.0,0.1724,0.1667,,0.0888,,0.0582,,,0.0966,0.0822,0.9861,0.8171,,0.0,0.1724,0.1667,,0.0908,,0.0606,,,0.0958,0.0792,0.9861,0.8121,,0.0,0.1724,0.1667,,0.0903,,0.0592,,,reg oper account,block of flats,0.0749,"Stone, brick",No,0.0,0.0,0.0,0.0,-1285.0,0,1,0,0,0,0,0,0,0,0,0,0,0,0,0,0,0,0,0,0,0.0,0.0,0.0,0.0,0.0,0.0
100043,Paul Farmer,1997-11-13,Gwendolynfort,08262,1298 Francisco Valley,0,Cash loans,F,N,Y,2,198000.0,641173.5,23157.0,553500.0,Unaccompanied,Commercial associate,Secondary / secondary special,Married,House / apartment,0.01885,-17199,-768,-63.0,-735,,1,1,1,1,1,0,Private service staff,4.0,2,2,THURSDAY,13,0,0,0,0,0,0,Other,0.8427634659543568,0.6816988025574287,0.7544061731797895,,,,,,,,,,,,,,,,,,,,,,,,,,,,,,,,,,,,,,,,,,,,,,,,0.0,0.0,0.0,0.0,-2411.0,0,1,0,0,0,0,0,0,0,0,0,0,0,0,0,0,0,0,0,0,0.0,0.0,0.0,0.0,1.0,1.0
100044,Alejandra Andrade,1910-08-08,Townsendburgh,08595,684 Knox Lodge,0,Cash loans,M,N,Y,0,121500.0,454500.0,15151.5,454500.0,Unaccompanied,Working,Secondary / secondary special,Married,House / apartment,0.030755,-21077,-1288,-5474.0,-4270,,1,1,0,1,1,0,Drivers,2.0,2,2,FRIDAY,10,0,0,0,0,1,1,Transport: type 4,0.8045861213121414,0.7197985370372056,0.722392890081304,,,,,,,,,,,,,,,,,,,,,,,,,,,,,,,,,,,,,,,,,,,,,,,,0.0,0.0,0.0,0.0,-1541.0,0,1,0,0,0,0,0,0,0,0,0,0,0,0,0,0,0,0,0,0,0.0,0.0,0.0,1.0,0.0,0.0
100045,April Woods,1981-09-28,Port Meredith,89987,2355 Nancy Crossroad Suite 138,0,Cash loans,F,N,Y,0,99000.0,247275.0,17338.5,225000.0,Unaccompanied,Pensioner,Secondary / secondary special,Married,House / apartment,0.006207,-23920,365243,-9817.0,-4969,,1,0,0,1,1,0,,2.0,2,2,FRIDAY,11,0,0,0,0,0,0,XNA,,0.6507647995068742,0.7517237147741489,,,0.9851,,,0.04,0.0345,0.3333,,0.0566,,0.0922,,,,,0.9851,,,0.0403,0.0345,0.3333,,0.0579,,0.096,,,,,0.9851,,,0.04,0.0345,0.3333,,0.0576,,0.0938,,,,block of flats,0.0786,"Stone, brick",No,0.0,0.0,0.0,0.0,0.0,0,1,0,0,0,0,0,0,0,0,0,0,0,0,0,0,0,0,0,0,0.0,0.0,0.0,0.0,0.0,2.0
100046,Terry Sparks,1990-06-25,Christophertown,25051,63431 Anthony Mount,0,Revolving loans,M,Y,Y,0,180000.0,540000.0,27000.0,540000.0,Unaccompanied,Working,Higher education,Married,House / apartment,0.025164,-16126,-1761,-8236.0,-4292,3.0,1,1,0,1,0,0,Managers,2.0,2,2,TUESDAY,8,0,0,0,0,0,0,Business Entity Type 3,,0.7380532835697358,0.6058362647264226,0.0814,0.0994,0.9831,0.7688,0.0142,0.0,0.2069,0.1667,0.2083,0.1404,0.0656,0.0771,0.0039,0.0227,0.083,0.1032,0.9831,0.7779,0.0143,0.0,0.2069,0.1667,0.2083,0.1436,0.0716,0.0804,0.0039,0.0241,0.0822,0.0994,0.9831,0.7719,0.0143,0.0,0.2069,0.1667,0.2083,0.1429,0.0667,0.0785,0.0039,0.0232,org spec account,block of flats,0.0734,"Stone, brick",No,1.0,0.0,1.0,0.0,-540.0,0,0,0,0,0,0,0,0,0,0,0,0,0,0,0,0,0,0,0,0,0.0,0.0,0.0,1.0,0.0,1.0
100047,Robert Bell,1973-11-14,East Benjamin,49450,24760 Jared Place Apt. 275,1,Cash loans,M,N,Y,0,202500.0,1193580.0,35028.0,855000.0,Unaccompanied,Commercial associate,Secondary / secondary special,Married,House / apartment,0.025164,-17482,-1262,-1182.0,-1029,,1,1,0,1,0,0,Laborers,2.0,2,2,TUESDAY,9,0,0,0,0,0,0,Business Entity Type 3,,0.30684058604830505,0.3201633668633456,0.1309,0.125,0.996,0.9456,0.0822,0.16,0.1379,0.25,0.2917,0.0142,0.1059,0.1267,0.0039,0.0078,0.1334,0.1297,0.996,0.9477,0.083,0.1611,0.1379,0.25,0.2917,0.0145,0.1157,0.132,0.0039,0.0082,0.1322,0.125,0.996,0.9463,0.0827,0.16,0.1379,0.25,0.2917,0.0144,0.1077,0.129,0.0039,0.0079,org spec account,block of flats,0.1463,"Stone, brick",No,0.0,0.0,0.0,0.0,-1075.0,0,1,0,0,0,0,0,0,0,0,0,0,0,0,0,0,0,0,0,0,0.0,0.0,0.0,2.0,0.0,4.0
100048,John Bailey,2016-07-16,Shannonport,37998,6284 Baker Wells Suite 417,0,Cash loans,F,N,Y,0,202500.0,604152.0,29196.0,540000.0,Unaccompanied,Working,Secondary / secondary special,Married,House / apartment,0.009175,-16971,-475,-3148.0,-513,,1,1,0,1,1,0,Laborers,2.0,2,2,MONDAY,12,0,1,1,0,1,1,Industry: type 1,,0.03731523556121631,,,,,,,,,,,,,,,,,,,,,,,,,,,,,,,,,,,,,,,,,,,,,,,,,4.0,0.0,4.0,0.0,-458.0,0,1,0,0,0,0,0,0,0,0,0,0,0,0,0,0,0,0,0,0,0.0,0.0,0.0,0.0,0.0,5.0
100049,Rebecca Byrd,2011-12-07,Jacksonport,44486,453 Fields Station Suite 987,1,Cash loans,F,N,N,0,135000.0,288873.0,16258.5,238500.0,Unaccompanied,Working,Secondary / secondary special,Civil marriage,House / apartment,0.007305,-13384,-3597,-45.0,-4409,,1,1,1,1,1,0,Sales staff,2.0,3,3,THURSDAY,11,0,0,0,0,0,0,Self-employed,0.4682080567974757,0.6742032101473874,0.3996756156233169,,,,,,,,,,,,,,,,,,,,,,,,,,,,,,,,,,,,,,,,,,,,,,,,1.0,0.0,1.0,0.0,-1480.0,0,1,0,0,0,0,0,0,0,0,0,0,0,0,0,0,0,0,0,0,0.0,0.0,0.0,0.0,0.0,2.0
100050,Kristy Peterson,2017-09-27,Theodoreside,25448,98538 Conley Manors,0,Cash loans,F,N,Y,0,108000.0,746280.0,42970.5,675000.0,Unaccompanied,Pensioner,Higher education,Single / not married,House / apartment,0.010966,-23548,365243,-5745.0,-4576,,1,0,0,1,0,0,,1.0,2,2,WEDNESDAY,9,0,0,0,0,0,0,XNA,,0.7661378050275851,0.6848276586890367,0.2186,0.1232,0.9851,0.7959999999999999,0.0528,0.24,0.2069,0.3333,0.375,0.1154,0.1774,0.2113,0.0039,0.0051,0.2227,0.1279,0.9851,0.804,0.0533,0.2417,0.2069,0.3333,0.375,0.1181,0.1938,0.2202,0.0039,0.0054,0.2207,0.1232,0.9851,0.7987,0.0531,0.24,0.2069,0.3333,0.375,0.1175,0.1804,0.2151,0.0039,0.0052,reg oper spec account,block of flats,0.1903,Panel,No,0.0,0.0,0.0,0.0,-491.0,0,1,0,0,0,0,0,0,0,0,0,0,0,0,0,0,0,0,0,0,0.0,0.0,0.0,0.0,0.0,3.0
100051,Donna Moore,1973-01-11,Watsonside,77722,346 Jason Road,0,Cash loans,M,N,Y,0,202500.0,661702.5,48280.5,598500.0,Unaccompanied,Working,Secondary / secondary special,Civil marriage,House / apartment,0.007114,-9827,-758,-4166.0,-2380,,1,1,1,1,0,0,,2.0,2,2,WEDNESDAY,12,0,0,0,0,1,1,Business Entity Type 3,,0.6315186311742824,,,,,,,,,,,,,,,,,,,,,,,,,,,,,,,,,,,,,,,,,,,,,,,,,1.0,0.0,1.0,0.0,-556.0,0,1,0,0,0,0,0,0,0,0,0,0,0,0,0,0,0,0,0,0,,,,,,
100052,Brian Barnett,1950-12-28,Longland,44197,26820 James Freeway,0,Revolving loans,F,N,Y,1,90000.0,180000.0,9000.0,180000.0,Family,Working,Secondary / secondary special,Civil marriage,House / apartment,0.009334,-7974,-895,-6591.0,-642,,1,1,1,1,0,0,Sales staff,3.0,2,2,MONDAY,10,0,0,0,0,0,0,Self-employed,,0.535542260363498,,,,,,,,,,,,,,,,,,,,,,,,,,,,,,,,,,,,,,,,,,,,,,,,,1.0,1.0,1.0,1.0,-462.0,0,0,0,0,0,0,0,0,0,0,0,0,0,0,0,0,0,0,0,0,,,,,,
100053,Danielle Skinner,1909-10-25,East Tiffanyview,75030,68795 Taylor Brook Suite 384,0,Cash loans,F,N,Y,0,202500.0,305221.5,17649.0,252000.0,Family,Pensioner,Secondary / secondary special,Single / not married,House / apartment,0.019689,-20373,365243,-7760.0,-1993,,1,0,0,1,0,0,,1.0,2,2,MONDAY,8,0,0,0,0,0,0,XNA,,0.24766471733561626,0.475849908720221,,,,,,,,,,,,,,,,,,,,,,,,,,,,,,,,,,,,,,,,,,,,,,,,0.0,0.0,0.0,0.0,-649.0,0,1,0,0,0,0,0,0,0,0,0,0,0,0,0,0,0,0,0,0,0.0,0.0,0.0,0.0,2.0,4.0
100054,Riley Marsh,2002-07-05,Michaelmouth,03288,27797 Margaret Stream,0,Cash loans,F,N,Y,0,99000.0,260640.0,26838.0,225000.0,Unaccompanied,Working,Secondary / secondary special,Married,House / apartment,0.022625,-20121,-5332,-9197.0,-3283,,1,1,1,1,1,0,Medicine staff,2.0,2,2,WEDNESDAY,16,0,0,0,0,1,1,Business Entity Type 3,,0.08924065344241718,0.7281412993111438,,,,,,,,,,,,,,,,,,,,,,,,,,,,,,,,,,,,,,,,,,,,,,,,4.0,0.0,4.0,0.0,-1247.0,0,1,0,0,0,0,0,0,0,0,0,0,0,0,0,0,0,0,0,0,0.0,0.0,0.0,0.0,0.0,2.0
100055,Leonard Johnson,1993-07-21,West Rebecca,10025,1799 Nicholas Creek,0,Cash loans,F,N,N,0,130500.0,1350000.0,37255.5,1350000.0,Unaccompanied,State servant,Secondary / secondary special,Married,House / apartment,0.020713,-19727,-4411,-6225.0,-3199,,1,1,1,1,1,0,Managers,2.0,3,3,THURSDAY,10,0,0,0,0,0,0,Government,0.7104273289168539,0.5891866296961207,0.4668640059537032,,,,,,,,,,,,,,,,,,,,,,,,,,,,,,,,,,,,,,,,,,,,,,,,0.0,0.0,0.0,0.0,-784.0,0,1,0,0,0,0,0,0,0,0,0,0,0,0,0,0,0,0,0,0,0.0,0.0,0.0,0.0,0.0,0.0
100056,Anthony Keller,1992-07-10,Petersonville,62028,70423 Davidson Fort,0,Cash loans,M,Y,Y,0,360000.0,1506816.0,49927.5,1350000.0,Unaccompanied,Working,Secondary / secondary special,Married,House / apartment,0.010006,-18264,-9523,-5504.0,-1797,3.0,1,1,0,1,0,0,Laborers,2.0,2,2,THURSDAY,10,0,0,0,0,1,1,Transport: type 2,,0.5239340474953537,,,,,,,,,,,,,,,,,,,,,,,,,,,,,,,,,,,,,,,,,,,,,,,,,1.0,1.0,1.0,1.0,-1498.0,0,1,0,0,0,0,0,0,0,0,0,0,0,0,0,0,0,0,0,0,,,,,,
100058,Chelsea Rogers,1981-06-03,Alexisstad,52313,57239 Bailey Mountains,0,Revolving loans,F,N,Y,0,54000.0,135000.0,6750.0,135000.0,Unaccompanied,State servant,Higher education,Married,House / apartment,0.014519999999999996,-12406,-1176,-1149.0,-2576,,1,1,0,0,0,0,Core staff,2.0,2,2,THURSDAY,9,0,0,0,0,0,0,School,0.6562248044601879,0.4508497225560816,0.4794489811780563,0.0664,0.0442,0.998,,,0.08,0.0552,0.4083,0.45,0.0085,,0.0651,,0.016,0.0441,0.0306,0.998,,,0.0806,0.069,0.375,0.4167,0.0078,,0.0487,,0.0168,0.0822,0.0408,0.998,,,0.08,0.069,0.375,0.4167,0.0087,,0.0747,,0.0163,,block of flats,0.0403,Panel,No,0.0,0.0,0.0,0.0,0.0,0,1,0,0,0,0,0,0,0,0,0,0,0,0,0,0,1,0,0,0,0.0,0.0,0.0,0.0,0.0,0.0
100059,Sabrina Rivers,1934-04-02,Lake Madison,21690,23650 Wilson Creek,0,Cash loans,M,Y,Y,1,540000.0,675000.0,34596.0,675000.0,Unaccompanied,Commercial associate,Higher education,Married,House / apartment,0.026392,-18632,-6977,-3904.0,-1937,7.0,1,1,0,1,1,0,Managers,3.0,2,2,TUESDAY,10,0,0,0,0,0,0,Services,0.3115099249880457,0.7133545848531052,0.3092753558842053,0.5309,0.2491,0.9811,0.7416,,0.88,0.3793,0.4583,0.0,0.3977,,0.5878,,0.0487,0.541,0.2585,0.9811,0.7517,,0.8862,0.3793,0.4583,0.0,0.4067,,0.6124,,0.0516,0.5361,0.2491,0.9811,0.7451,,0.88,0.3793,0.4583,0.0,0.4046,,0.5983,,0.0498,,block of flats,0.5149,Panel,No,2.0,0.0,2.0,0.0,-1285.0,0,1,0,0,0,0,0,0,0,0,0,0,0,0,0,0,0,0,0,0,0.0,0.0,1.0,0.0,0.0,3.0
100060,Wesley Schmidt,1997-12-08,West Sabrinastad,56893,9342 Brandon Route Suite 613,0,Cash loans,M,Y,N,0,76500.0,454500.0,14661.0,454500.0,Unaccompanied,Working,Secondary / secondary special,Married,House / apartment,0.028663,-12282,-778,-1824.0,-1992,13.0,1,1,1,1,0,0,,2.0,2,2,TUESDAY,10,0,0,0,0,0,0,Emergency,0.24456163253546154,0.705947456699447,0.7992967832109371,0.0227,,0.9806,,,,0.1034,0.0417,,,,0.0114,,0.0226,0.0231,,0.9806,,,,0.1034,0.0417,,,,0.0119,,0.0239,0.0229,,0.9806,,,,0.1034,0.0417,,,,0.0116,,0.023,,block of flats,0.0139,"Stone, brick",No,4.0,0.0,4.0,0.0,-466.0,0,1,0,0,0,0,0,0,0,0,0,0,0,0,0,0,0,0,0,0,0.0,0.0,0.0,1.0,0.0,0.0
100061,Ashley Nixon,1987-08-29,West Crystalshire,90269,5099 Kim Ways,0,Cash loans,F,N,Y,2,225000.0,314055.0,16164.0,238500.0,Unaccompanied,Commercial associate,Higher education,Married,House / apartment,0.006629,-10473,-1392,-2025.0,-1240,,1,1,0,1,0,0,Core staff,4.0,2,2,THURSDAY,3,0,0,0,1,1,0,Self-employed,0.18959579955018274,0.7029791046049891,0.7016957740576931,,,,,,,,,,,,,,,,,,,,,,,,,,,,,,,,,,,,,,,,,,,,,,,,0.0,0.0,0.0,0.0,-570.0,0,1,0,0,0,0,0,0,0,0,0,0,0,0,0,0,0,0,0,0,0.0,0.0,0.0,0.0,0.0,5.0
100062,Robin Jenkins,1940-06-13,Lake Jillian,86214,4790 Watts Ports Suite 108,0,Cash loans,M,Y,N,0,81000.0,675000.0,32472.0,675000.0,Unaccompanied,Pensioner,Secondary / secondary special,Married,House / apartment,0.010006,-18611,365243,-6936.0,-2142,8.0,1,0,0,1,1,0,,2.0,2,2,TUESDAY,17,0,0,0,0,0,0,XNA,,0.6628649268152181,0.7380196196295241,0.2165,0.1678,0.9846,0.7892,,0.24,0.2069,0.3333,0.375,0.1071,,,,0.0151,0.2206,0.1741,0.9846,0.7975,,0.2417,0.2069,0.3333,0.375,0.1095,,,,0.016,0.2186,0.1678,0.9846,0.792,,0.24,0.2069,0.3333,0.375,0.1089,,,,0.0154,reg oper account,block of flats,0.2048,Panel,No,0.0,0.0,0.0,0.0,-462.0,0,1,0,0,0,0,0,0,0,0,0,0,0,0,0,0,0,0,0,0,0.0,0.0,0.0,0.0,0.0,2.0
100063,Matthew May,1965-06-28,Youngton,74976,80479 Kramer Garden Suite 205,0,Cash loans,F,N,Y,0,180000.0,837427.5,45558.0,666000.0,Unaccompanied,Working,Higher education,Married,House / apartment,0.022625,-12955,-4106,-7054.0,-5164,,1,1,0,1,1,1,Managers,2.0,2,2,MONDAY,15,0,0,0,0,0,0,Medicine,0.5527719020519871,0.6166372926426479,0.07010884382735824,0.1186,0.066,0.9801,0.728,0.0385,0.04,0.0345,0.3333,0.0417,0.0606,0.0958,0.0822,0.0039,0.0002,0.1208,0.0685,0.9801,0.7387,0.0388,0.0403,0.0345,0.3333,0.0417,0.062,0.1047,0.0856,0.0039,0.0002,0.1197,0.066,0.9801,0.7316,0.0387,0.04,0.0345,0.3333,0.0417,0.0616,0.0975,0.0837,0.0039,0.0002,reg oper spec account,block of flats,0.0857,"Stone, brick",No,1.0,1.0,1.0,1.0,-1547.0,0,1,0,0,0,0,0,0,0,0,0,0,0,0,0,0,0,0,0,0,0.0,0.0,0.0,1.0,0.0,4.0
100064,Jeffery Watson,1988-03-08,Victoriafort,50149,81544 Douglas Lakes,0,Cash loans,F,N,N,0,67500.0,298728.0,15381.0,202500.0,Family,Pensioner,Secondary / secondary special,Single / not married,Municipal apartment,0.019101,-21621,365243,-2019.0,-1344,,1,0,0,1,0,0,,1.0,2,2,MONDAY,9,0,0,0,0,0,0,XNA,,0.6227082733555896,0.1694287272664794,,,,,,,,,,,,,,,,,,,,,,,,,,,,,,,,,,,,,,,,,,,,,,,,0.0,0.0,0.0,0.0,0.0,0,1,0,0,0,0,0,0,0,0,0,0,0,0,0,0,0,0,0,0,0.0,0.0,0.0,0.0,0.0,0.0
100068,Laura Weiss,1984-04-06,Jamesstad,40035,618 Natasha Squares Apt. 685,0,Revolving loans,M,N,Y,0,81000.0,247500.0,12375.0,247500.0,Unaccompanied,Working,Secondary / secondary special,Married,House / apartment,0.031329,-18248,-2351,-4375.0,-1721,,1,1,1,1,1,0,Security staff,2.0,2,2,WEDNESDAY,14,0,0,0,0,1,1,Security,0.2377197192577024,0.6091352920795285,0.5136937663039473,0.1227,0.1572,0.9886,0.8436,0.0029,0.0,0.3448,0.1667,0.2083,0.0554,0.0992,0.1177,0.0039,0.0052,0.125,0.1631,0.9886,0.8497,0.0029,0.0,0.3448,0.1667,0.2083,0.0566,0.1084,0.1226,0.0039,0.0055,0.1239,0.1572,0.9886,0.8457,0.0029,0.0,0.3448,0.1667,0.2083,0.0563,0.1009,0.1198,0.0039,0.0053,org spec account,block of flats,0.0926,Panel,No,2.0,0.0,2.0,0.0,-167.0,0,0,0,0,0,0,0,0,0,0,0,0,0,0,0,0,0,0,0,0,0.0,0.0,0.0,0.0,0.0,0.0
100069,Joann Montgomery,1956-07-03,Lake Josephburgh,89040,852 Clarence Haven Suite 770,0,Cash loans,M,Y,Y,1,360000.0,640458.0,27265.5,517500.0,Unaccompanied,Working,Secondary / secondary special,Separated,House / apartment,0.00733,-14186,-1743,-2128.0,-4982,10.0,1,1,0,1,0,0,Laborers,2.0,2,2,MONDAY,11,0,1,1,0,1,1,Transport: type 4,,0.2567370429595146,0.7076993447402619,,,,,,,,,,,,,,,,,,,,,,,,,,,,,,,,,,,,,,,,,,,,,,,,0.0,0.0,0.0,0.0,-112.0,0,1,0,0,0,0,0,0,0,0,0,0,0,0,0,0,0,0,0,0,0.0,0.0,0.0,0.0,1.0,3.0
100070,Breanna Russell,1948-08-05,Normachester,65815,2894 Jennifer Skyway,0,Cash loans,M,Y,Y,0,540000.0,1227901.5,46899.0,1129500.0,Unaccompanied,Working,Higher education,Widow,House / apartment,0.032561,-20544,-2091,-6846.0,-566,2.0,1,1,1,1,0,0,Managers,1.0,1,1,TUESDAY,14,0,0,0,0,0,0,Business Entity Type 3,,0.6535972121081295,0.33928769990891394,0.0256,0.0,0.9354,0.11599999999999999,0.0076,0.0,0.1172,0.1,0.1417,0.0664,0.0202,0.0305,0.0039,0.0084,0.0063,0.0,0.9136,0.0,0.0006,0.0,0.069,0.0833,0.125,0.0819,0.0055,0.0072,0.0,0.0,0.0104,0.0,0.9136,0.0,0.0015,0.0,0.069,0.0833,0.125,0.0815,0.0086,0.006999999999999999,0.0039,0.0013,reg oper account,block of flats,0.0058,"Stone, brick",No,0.0,0.0,0.0,0.0,-1377.0,0,0,0,0,0,0,1,0,0,0,0,0,0,0,0,0,0,0,0,0,0.0,0.0,0.0,0.0,0.0,0.0
100071,Joe Skinner DVM,1918-03-08,West Johnhaven,90255,550 Nicholson Stream Suite 401,0,Cash loans,F,N,Y,0,180000.0,1663987.5,86989.5,1588500.0,Family,Commercial associate,Secondary / secondary special,Married,House / apartment,0.018801,-20121,-2446,-6755.0,-2177,,1,1,0,1,0,0,Accountants,2.0,2,2,MONDAY,12,0,0,0,0,0,0,Industry: type 11,,0.5706663563799912,0.6971469077844458,0.0876,0.0496,0.9841,0.7824,0.0096,0.04,0.0345,0.4583,0.5,0.0208,0.0698,0.0767,0.0077,0.021,0.0893,0.0515,0.9841,0.7909,0.0097,0.0403,0.0345,0.4583,0.5,0.0213,0.0762,0.0799,0.0078,0.0222,0.0885,0.0496,0.9841,0.7853,0.0097,0.04,0.0345,0.4583,0.5,0.0212,0.071,0.0781,0.0078,0.0214,reg oper spec account,block of flats,0.0701,"Stone, brick",No,0.0,0.0,0.0,0.0,-1572.0,0,1,0,0,0,0,0,0,0,0,0,0,0,0,0,0,0,0,0,0,0.0,0.0,0.0,2.0,0.0,1.0
100072,Heather Benton,1933-01-08,South Chelseahaven,13112,08765 Cook Inlet Apt. 444,0,Cash loans,M,N,N,0,180000.0,1080000.0,44118.0,1080000.0,Unaccompanied,Working,Incomplete higher,Single / not married,With parents,0.010006,-7907,-1324,-4557.0,-586,,1,1,0,1,0,1,Sales staff,1.0,2,1,TUESDAY,9,0,0,0,0,0,0,Trade: type 2,,0.0265407750366898,0.43473324875017305,0.0928,0.0955,0.9856,0.8028,0.013000000000000001,0.0,0.2069,0.1667,0.2083,0.1147,0.0756,0.0913,0.0,0.0,0.0945,0.0991,0.9856,0.8105,0.0131,0.0,0.2069,0.1667,0.2083,0.1173,0.0826,0.0951,0.0,0.0,0.0937,0.0955,0.9856,0.8054,0.0131,0.0,0.2069,0.1667,0.2083,0.1167,0.077,0.0929,0.0,0.0,reg oper account,block of flats,0.0804,Panel,No,0.0,0.0,0.0,0.0,-725.0,0,0,0,0,0,0,0,0,0,0,0,0,0,0,0,0,0,0,0,0,0.0,0.0,0.0,0.0,0.0,4.0
100073,Jerry Contreras,1909-11-14,Amandamouth,80620,745 Kayla Pine Apt. 053,0,Cash loans,M,Y,Y,0,324000.0,1130760.0,40189.5,810000.0,Unaccompanied,Pensioner,Higher education,Civil marriage,House / apartment,0.01885,-22843,365243,-1042.0,-3967,10.0,1,0,0,1,0,0,,2.0,2,2,THURSDAY,9,0,0,0,0,0,0,XNA,,0.7330511930996613,0.2340151665320674,0.1928,0.2309,0.9955,,,0.16,0.1379,0.6667,,0.1427,,0.2818,,0.1341,0.1964,0.2396,0.9955,,,0.1611,0.1379,0.6667,,0.1459,,0.2936,,0.142,0.1947,0.2309,0.9955,,,0.16,0.1379,0.6667,,0.1452,,0.2869,,0.1369,,block of flats,0.2522,"Stone, brick",No,0.0,0.0,0.0,0.0,-2385.0,0,1,0,0,0,0,0,0,0,0,0,0,0,0,0,0,0,0,0,0,0.0,0.0,0.0,0.0,1.0,1.0
100075,Jason Long,1992-12-15,Natalieview,01015,8303 Williams Lake Apt. 890,0,Cash loans,F,N,N,0,112500.0,95940.0,10462.5,90000.0,Family,Working,Higher education,Single / not married,House / apartment,0.00496,-12240,-3720,-5246.0,-4541,,1,1,0,1,0,0,,1.0,2,2,MONDAY,14,0,0,0,0,0,0,University,0.2996061411205129,0.6645439411246608,0.4920600938649263,,,,,,,,,,,,,,,,,,,,,,,,,,,,,,,,,,,,,,,,,,,,,,,,0.0,0.0,0.0,0.0,-280.0,0,1,0,0,0,0,0,0,0,0,0,0,0,0,0,0,0,0,0,0,0.0,0.0,0.0,0.0,0.0,5.0
100076,Caleb Leon,1997-03-05,South Kaitlyn,79840,1988 Maddox Fields Suite 542,0,Cash loans,M,Y,N,0,180000.0,315000.0,9679.5,315000.0,,Commercial associate,Secondary / secondary special,Married,House / apartment,0.028663,-13866,-2546,-5448.0,-4097,1.0,1,1,0,1,0,0,Drivers,2.0,2,2,MONDAY,12,0,0,0,0,0,0,Transport: type 3,,0.5848873555356944,0.09507039584133267,0.0124,,0.9677,0.5579999999999999,0.0013,0.0,0.069,0.0417,0.0417,0.0489,0.0101,0.01,0.0,0.0,0.0126,,0.9677,0.5753,0.0013,0.0,0.069,0.0417,0.0417,0.05,0.011000000000000001,0.0105,0.0,0.0,0.0125,,0.9677,0.5639,0.0013,0.0,0.069,0.0417,0.0417,0.0498,0.0103,0.0102,0.0,0.0,reg oper account,block of flats,0.0079,Block,No,0.0,0.0,0.0,0.0,-3.0,0,0,0,0,0,0,1,0,0,0,0,0,0,0,0,0,0,0,0,0,0.0,0.0,0.0,0.0,0.0,0.0
100077,David Patel,1910-03-17,Bryanview,30214,669 John Island Apt. 705,0,Cash loans,M,N,Y,0,180000.0,1256400.0,40657.5,900000.0,Unaccompanied,Commercial associate,Secondary / secondary special,Single / not married,House / apartment,0.072508,-12049,-579,-6105.0,-1,,1,1,0,1,0,0,Core staff,1.0,1,1,WEDNESDAY,12,0,0,0,0,0,0,Police,0.2867830789116058,0.6473478219828046,0.5620604831738043,0.1433,0.0993,0.9811,0.7416,0.0,0.16,0.1379,0.3333,0.375,0.0,0.1168,0.1367,0.0,0.0207,0.146,0.10300000000000001,0.9811,0.7517,0.0,0.1611,0.1379,0.3333,0.375,0.0,0.1276,0.1425,0.0,0.0219,0.1447,0.0993,0.9811,0.7451,0.0,0.16,0.1379,0.3333,0.375,0.0,0.1189,0.1392,0.0,0.0211,reg oper account,block of flats,0.1114,Panel,No,4.0,0.0,4.0,0.0,-295.0,0,1,0,0,0,0,0,0,0,0,0,0,0,0,0,0,0,0,0,0,0.0,0.0,0.0,0.0,0.0,8.0
100078,James Weber,1951-08-08,Wolfland,76114,32640 Jose Corners Apt. 114,0,Cash loans,F,Y,Y,0,180000.0,1035000.0,43983.0,1035000.0,Unaccompanied,State servant,Higher education,Married,House / apartment,0.028663,-19550,-4856,-6836.0,-3084,21.0,1,1,0,1,0,0,Core staff,2.0,2,2,TUESDAY,9,0,0,0,0,0,0,Government,0.7961611232881004,0.5172704004425673,0.4294236843421945,,,,,,,,,,,,,,,,,,,,,,,,,,,,,,,,,,,,,,,,,,,,,,,,0.0,0.0,0.0,0.0,-1594.0,0,1,0,0,0,0,0,0,0,0,0,0,0,0,0,0,0,0,0,0,0.0,0.0,0.0,0.0,0.0,3.0
100079,Lisa Stephens,1915-03-23,West Katherinestad,10164,8379 Krista Branch Apt. 162,0,Revolving loans,M,N,Y,0,225000.0,270000.0,13500.0,270000.0,Unaccompanied,Working,Secondary / secondary special,Separated,Municipal apartment,0.00733,-15359,-114,-5076.0,-2922,,1,1,0,1,0,0,Laborers,1.0,2,2,THURSDAY,9,0,0,0,0,1,1,Construction,0.20247737407460809,0.5619229565929612,0.4135967602644276,,,,,,,,,,,,,,,,,,,,,,,,,,,,,,,,,,,,,,,,,,,,,,,,0.0,0.0,0.0,0.0,-662.0,0,0,0,0,0,0,0,0,0,0,0,0,0,0,0,0,0,0,0,0,0.0,0.0,0.0,1.0,0.0,0.0
100080,Gary Turner,1923-11-22,Brianland,32861,698 Amanda Light,0,Revolving loans,F,N,N,1,157500.0,450000.0,22500.0,450000.0,Unaccompanied,Commercial associate,Secondary / secondary special,Civil marriage,House / apartment,0.010966,-11956,-3154,-8118.0,-4143,,1,1,0,1,0,0,Sales staff,3.0,2,2,SUNDAY,10,0,0,0,0,0,0,Kindergarten,0.4115064104251909,0.12388829228441395,0.8327850252992314,0.2175,0.1455,0.9891,0.8504,0.0443,0.24,0.2069,0.3333,0.375,0.1343,0.1774,0.2129,0.0,0.0039,0.2216,0.1509,0.9891,0.8563,0.0447,0.2417,0.2069,0.3333,0.375,0.1373,0.1938,0.2218,0.0,0.0041,0.2196,0.1455,0.9891,0.8524,0.0445,0.24,0.2069,0.3333,0.375,0.1366,0.1804,0.2167,0.0,0.004,reg oper spec account,block of flats,0.1925,Panel,No,,,,,-1711.0,0,0,0,0,0,0,0,0,0,0,0,0,0,0,0,0,0,0,0,0,0.0,0.0,0.0,0.0,0.0,5.0
100081,Christopher Ball,1961-08-05,West Brandonmouth,40497,52120 Obrien Court Apt. 364,0,Cash loans,M,Y,N,0,180000.0,450000.0,21109.5,450000.0,Unaccompanied,Commercial associate,Secondary / secondary special,Civil marriage,House / apartment,0.014519999999999996,-10848,-121,-4809.0,-3494,20.0,1,1,0,1,0,0,Laborers,2.0,2,2,SATURDAY,9,0,0,0,0,0,0,Other,,0.6454384930609306,,0.067,0.0,0.9752,0.66,0.0068,0.0,0.1379,0.1667,0.2083,0.0483,0.0538,0.0506,0.0039,0.0465,0.0683,0.0,0.9752,0.6733,0.0069,0.0,0.1379,0.1667,0.2083,0.0494,0.0588,0.0528,0.0039,0.0492,0.0677,0.0,0.9752,0.6645,0.0069,0.0,0.1379,0.1667,0.2083,0.0491,0.0547,0.0516,0.0039,0.0475,reg oper account,block of flats,0.0436,"Stone, brick",No,1.0,0.0,1.0,0.0,-2519.0,0,0,0,0,0,0,1,0,0,0,0,0,0,0,0,0,0,0,0,0,,,,,,
100082,Carlos Turner,1971-08-03,Mcclainborough,52177,61559 Kathryn Ranch Suite 407,0,Cash loans,M,N,N,2,180000.0,450000.0,21109.5,450000.0,Unaccompanied,Commercial associate,Higher education,Married,House / apartment,0.01885,-12009,-2844,-1377.0,-3656,,1,1,1,1,1,0,Laborers,4.0,2,2,MONDAY,12,0,0,0,0,0,0,Business Entity Type 3,0.35770654726206136,0.6865047975453018,0.39449540531239935,0.0722,0.0487,0.9826,0.762,0.0085,0.0,0.1379,0.1667,0.2083,0.0176,0.0588,0.0505,0.0,0.0,0.0735,0.0505,0.9826,0.7713,0.0086,0.0,0.1379,0.1667,0.2083,0.018000000000000002,0.0643,0.0526,0.0,0.0,0.0729,0.0487,0.9826,0.7652,0.0086,0.0,0.1379,0.1667,0.2083,0.0179,0.0599,0.0514,0.0,0.0,reg oper spec account,block of flats,0.0444,Panel,No,0.0,0.0,0.0,0.0,-1003.0,0,1,0,0,0,0,0,0,0,0,0,0,0,0,0,0,0,0,0,0,0.0,0.0,0.0,1.0,0.0,2.0
100083,Dana Turner,1966-08-12,Michellestad,01573,484 Middleton Mills Apt. 518,0,Cash loans,M,Y,Y,0,103500.0,573628.5,24435.0,463500.0,Unaccompanied,Working,Secondary / secondary special,Married,House / apartment,0.009657,-15406,-892,-341.0,-4176,22.0,1,1,0,1,0,0,Laborers,2.0,2,2,MONDAY,18,0,0,0,0,0,0,Business Entity Type 3,0.2707661633733818,0.7071263161734994,0.5971924268337128,0.1464,0.1291,0.9861,0.8096,0.10800000000000001,0.04,0.0345,0.3333,0.375,0.0,0.1194,0.0933,0.0,0.0,0.1492,0.134,0.9861,0.8171,0.109,0.0403,0.0345,0.3333,0.375,0.0,0.1304,0.0972,0.0,0.0,0.1478,0.1291,0.9861,0.8121,0.1087,0.04,0.0345,0.3333,0.375,0.0,0.1214,0.0949,0.0,0.0,reg oper account,block of flats,0.1324,"Stone, brick",No,2.0,1.0,2.0,1.0,-2053.0,0,1,0,0,0,0,0,0,0,0,0,0,0,0,0,0,0,0,0,0,0.0,0.0,0.0,0.0,0.0,3.0
100084,Joseph Miller,1969-05-20,West Connieberg,67331,475 Smith Track Apt. 757,0,Cash loans,M,N,Y,2,225000.0,495351.0,26140.5,459000.0,Unaccompanied,Working,Secondary / secondary special,Separated,House / apartment,0.02461,-14860,-1156,-23.0,-1072,,1,1,0,1,0,0,Laborers,3.0,2,2,FRIDAY,10,0,0,0,0,0,0,Business Entity Type 3,,0.5705270507243844,0.6940926425266661,0.0165,0.0,0.9727,0.626,,0.0,0.069,0.0417,,0.0249,,0.011000000000000001,,0.0,0.0168,0.0,0.9727,0.6406,,0.0,0.069,0.0417,,0.0255,,0.0114,,0.0,0.0167,0.0,0.9727,0.631,,0.0,0.069,0.0417,,0.0254,,0.0112,,0.0,,block of flats,0.0093,Block,No,1.0,0.0,1.0,0.0,-1475.0,0,1,0,0,0,0,0,0,0,0,0,0,0,0,1,0,0,0,0,0,0.0,0.0,0.0,0.0,1.0,0.0
100085,Vanessa Welch,1915-01-22,Lake Sarahton,84787,9878 Brown Knolls Suite 659,0,Cash loans,M,N,Y,1,157500.0,755190.0,28894.5,675000.0,Unaccompanied,Working,Secondary / secondary special,Married,House / apartment,0.016612000000000002,-11187,-2224,-3253.0,-3723,,1,1,1,1,0,0,Drivers,3.0,2,2,WEDNESDAY,12,0,0,0,0,0,0,Business Entity Type 1,,0.3687189849837431,0.35895122857839673,,,,,,,,,,,,,,,,,,,,,,,,,,,,,,,,,,,,,,,,,,,,,,,,7.0,0.0,7.0,0.0,-1175.0,0,1,0,0,0,0,0,0,0,0,0,0,0,0,1,0,0,0,0,0,0.0,0.0,0.0,0.0,0.0,0.0
100086,Perry Lee,1934-03-01,Henryport,53098,58646 Kimberly Curve,0,Cash loans,F,N,Y,1,135000.0,675000.0,21775.5,675000.0,Unaccompanied,Commercial associate,Higher education,Widow,House / apartment,0.019101,-14264,-2492,-4327.0,-4517,,1,1,0,1,0,0,Laborers,2.0,2,2,THURSDAY,12,0,0,0,0,0,0,Self-employed,,0.5698732368655826,0.1986200451074864,,,,,,,,,,,,,,,,,,,,,,,,,,,,,,,,,,,,,,,,,,,,,,,,0.0,0.0,0.0,0.0,-1597.0,0,1,0,0,0,0,0,0,0,0,0,0,0,0,0,0,0,0,0,0,0.0,0.0,0.0,1.0,4.0,2.0
100087,Julie Hughes,1940-04-14,Bondchester,44256,12497 William Lights Suite 020,0,Cash loans,F,N,Y,1,202500.0,1288350.0,37800.0,1125000.0,Unaccompanied,Working,Secondary / secondary special,Married,House / apartment,0.003069,-17542,-2011,-1529.0,-988,,1,1,0,1,0,0,Cooking staff,3.0,3,3,FRIDAY,11,0,0,0,0,0,0,Self-employed,,0.5720641471414096,0.19182160241360605,,,,,,,,,,,,,,,,,,,,,,,,,,,,,,,,,,,,,,,,,,,,,,,,2.0,1.0,2.0,1.0,-1230.0,0,1,0,0,0,0,0,0,0,0,0,0,0,0,0,0,0,0,0,0,0.0,0.0,0.0,0.0,0.0,3.0
100088,Lindsey Roberts,1965-06-17,New Daniel,22967,56165 Wall Valleys Apt. 879,0,Revolving loans,F,N,N,0,112500.0,135000.0,6750.0,135000.0,Unaccompanied,Commercial associate,Higher education,Married,House / apartment,0.0228,-19467,-4066,-4623.0,-2975,,1,1,0,1,0,0,,2.0,2,2,THURSDAY,15,0,0,0,0,0,0,School,,0.5851740300889305,0.4083588531230431,,,,,,,,,,,,,,,,,,,,,,,,,,,,,,,,,,,,,,,,,,,,,,,,0.0,0.0,0.0,0.0,-1537.0,0,0,0,0,0,0,0,0,0,0,0,0,0,0,0,0,0,0,0,0,0.0,0.0,0.0,0.0,0.0,2.0
100089,Jessica Flynn,1933-09-27,Frederickhaven,05566,8648 Mark Skyway Apt. 540,0,Cash loans,M,N,Y,0,135000.0,337761.0,15781.5,256500.0,Unaccompanied,Working,Secondary / secondary special,Civil marriage,House / apartment,0.025164,-9666,-2811,-4437.0,-2342,,1,1,0,1,1,0,Laborers,2.0,2,2,TUESDAY,12,0,0,0,0,0,0,Self-employed,,0.5500579930157645,0.5352762504724826,0.0722,0.0752,0.6508,0.6736,0.008,0.0,0.1379,0.1667,0.2083,0.0671,0.0664,0.0639,0.0039,0.0029,0.063,0.0653,0.0,0.6864,0.0081,0.0,0.1379,0.1667,0.2083,0.0581,0.0725,0.0555,0.0039,0.0031,0.0729,0.08,0.9762,0.6779999999999999,0.0081,0.0,0.1379,0.1667,0.2083,0.0659,0.0676,0.0701,0.0039,0.003,reg oper account,block of flats,0.0472,Panel,No,2.0,0.0,2.0,0.0,-92.0,0,1,0,0,0,0,0,0,0,0,0,0,0,0,0,0,0,0,0,0,0.0,0.0,0.0,0.0,0.0,3.0
100093,Benjamin Marquez,1926-01-18,Lake Kevin,59503,158 Perez Viaduct,0,Cash loans,F,N,Y,1,94500.0,585000.0,28273.5,585000.0,Unaccompanied,Working,Secondary / secondary special,Married,House / apartment,0.028663,-18253,-721,-1701.0,-1779,,1,1,0,1,1,0,Core staff,3.0,2,2,TUESDAY,16,0,0,0,0,0,0,Postal,0.5927009939219194,0.4885999153777029,,,,,,,,,,,,,,,,,,,,,,,,,,,,,,,,,,,,,,,,,,,,,,,,,0.0,0.0,0.0,0.0,0.0,0,1,0,0,0,0,0,0,0,0,0,0,0,0,0,0,0,0,0,0,0.0,0.0,0.0,0.0,0.0,3.0
100094,Jeffrey Perez,1935-10-16,Jacobstad,88192,8309 Gray Plaza,0,Cash loans,F,N,Y,0,108000.0,113760.0,5301.0,90000.0,Unaccompanied,Pensioner,Higher education,Single / not married,House / apartment,0.030755,-22935,365243,-12623.0,-3442,,1,0,0,1,0,0,,1.0,2,2,THURSDAY,10,0,0,0,0,0,0,XNA,,0.5827354769124312,0.4525335592581747,0.1474,0.0669,0.9578,,,0.0,0.3103,0.2083,,0.0663,,0.1648,,0.0427,0.1502,0.0694,0.9578,,,0.0,0.3103,0.2083,,0.0679,,0.1717,,0.0452,0.1489,0.0669,0.9578,,,0.0,0.3103,0.2083,,0.0675,,0.1678,,0.0436,,block of flats,0.1584,"Stone, brick",No,3.0,0.0,3.0,0.0,-260.0,0,1,0,0,0,0,0,0,0,0,0,0,0,0,0,0,0,0,0,0,0.0,0.0,0.0,0.0,0.0,0.0
100095,James Campos,2015-04-30,Williamsstad,42670,67200 Mark Ridge,0,Revolving loans,F,N,Y,2,67500.0,135000.0,6750.0,135000.0,Unaccompanied,Working,Secondary / secondary special,Married,House / apartment,0.020246,-18693,-1434,-10255.0,-2241,,1,1,0,1,1,0,Sales staff,4.0,3,3,THURSDAY,8,0,0,0,0,0,0,Trade: type 7,0.5866975916234531,0.3045061145430549,,,,,,,,,,,,,,,,,,,,,,,,,,,,,,,,,,,,,,,,,,,,,,,,,0.0,0.0,0.0,0.0,-1040.0,0,0,0,0,0,0,0,0,0,0,0,0,0,0,0,0,0,0,0,0,,,,,,
100096,Jeremy Freeman,1956-10-27,East Emilybury,52416,124 Lisa Vista Suite 682,1,Cash loans,F,N,Y,0,81000.0,252000.0,14593.5,252000.0,Unaccompanied,Pensioner,Secondary / secondary special,Married,House / apartment,0.028663,-24794,365243,-5391.0,-4199,,1,0,0,1,0,0,,2.0,2,2,THURSDAY,10,0,0,0,0,0,0,XNA,,0.0239523667712844,0.7209441499436497,,,,,,,,,,,,,,,,,,,,,,,,,,,,,,,,,,,,,,,,,,,,,,,,1.0,1.0,1.0,1.0,0.0,0,0,0,0,1,0,0,0,0,0,0,0,0,0,0,0,0,0,0,0,0.0,0.0,0.0,0.0,0.0,0.0
100097,April Elliott,1989-03-25,Lake Tina,24673,38305 Santiago Curve,0,Cash loans,M,Y,Y,0,157500.0,760225.5,30280.5,679500.0,Unaccompanied,Working,Secondary / secondary special,Married,House / apartment,0.035792000000000004,-17527,-2442,-3500.0,-983,20.0,1,1,0,1,0,0,,2.0,2,2,THURSDAY,10,0,0,0,0,1,1,Business Entity Type 3,,0.3573422337147276,0.6446794549585961,,,,,,,,,,,,,,,,,,,,,,,,,,,,,,,,,,,,,,,,,,,,,,,,6.0,0.0,6.0,0.0,-371.0,0,1,0,0,0,0,0,0,0,0,0,0,0,0,0,0,0,0,0,0,0.0,0.0,1.0,0.0,0.0,0.0
100098,Linda Snyder,1909-11-07,Anthonyview,78641,273 Emily Route,0,Revolving loans,M,Y,N,0,225000.0,270000.0,13500.0,270000.0,Unaccompanied,Working,Secondary / secondary special,Civil marriage,House / apartment,0.01885,-17390,-924,-7211.0,-907,1.0,1,1,0,1,0,0,Drivers,2.0,2,2,WEDNESDAY,9,0,0,0,0,0,0,Transport: type 3,,0.5970811533321667,,,,,,,,,,,,,,,,,,,,,,,,,,,,,,,,,,,,,,,,,,,,,,,,,0.0,0.0,0.0,0.0,-617.0,0,0,0,0,0,0,0,0,0,0,0,0,0,0,0,0,0,0,0,0,,,,,,
100099,Cassandra Griffin,1935-03-21,Annetteside,01043,5319 Schroeder Viaduct,0,Cash loans,F,N,Y,0,360000.0,733315.5,41076.0,679500.0,Unaccompanied,Pensioner,Secondary / secondary special,Separated,House / apartment,0.009175,-23032,365243,-9506.0,-793,,1,0,0,1,0,0,,1.0,2,2,THURSDAY,12,1,0,0,0,0,0,XNA,,0.6605789818593445,0.3425288720742255,0.0454,0.0108,0.9742,,,0.0,0.1034,0.125,,0.0292,,0.036000000000000004,,0.0148,0.0462,0.0112,0.9742,,,0.0,0.1034,0.125,,0.0299,,0.0375,,0.0157,0.0458,0.0108,0.9742,,,0.0,0.1034,0.125,,0.0297,,0.0367,,0.0152,,block of flats,0.0315,"Stone, brick",No,4.0,0.0,4.0,0.0,0.0,0,1,0,0,0,0,0,0,0,0,0,0,0,0,0,0,0,0,0,0,0.0,0.0,0.0,0.0,0.0,3.0
100100,Alec Crawford,2020-05-10,Patriciaside,55930,072 Walton Islands Apt. 530,0,Cash loans,M,Y,Y,2,202500.0,796396.5,38443.5,643500.0,Unaccompanied,Working,Higher education,Married,House / apartment,0.008019,-15909,-1094,-3134.0,-4180,65.0,1,1,0,1,0,1,Managers,4.0,2,2,FRIDAY,17,0,0,0,0,1,1,Industry: type 11,0.4476751393608083,0.4957651407174961,0.8245949709919925,,,,,,,,,,,,,,,,,,,,,,,,,,,,,,,,,,,,,,,,,,,,,,,,0.0,0.0,0.0,0.0,-1876.0,0,1,0,0,0,0,0,0,0,0,0,0,0,0,0,0,0,0,0,0,0.0,0.0,0.0,0.0,0.0,2.0
100101,Tina Foster,1977-05-02,Philipberg,74975,50932 Stewart Summit Suite 704,0,Cash loans,F,Y,Y,0,202500.0,343377.0,22072.5,283500.0,Unaccompanied,State servant,Higher education,Single / not married,House / apartment,0.072508,-18138,-969,-7421.0,-1681,5.0,1,1,0,1,0,0,High skill tech staff,1.0,1,1,WEDNESDAY,13,0,0,0,0,0,0,Business Entity Type 1,,0.7162122102538987,,,,,,,,,,,,,,,,,,,,,,,,,,,,,,,,,,,,,,,,,,,,,,,,,0.0,0.0,0.0,0.0,-1585.0,0,0,0,0,0,0,1,0,0,0,0,0,0,0,0,0,0,0,0,0,,,,,,
100102,Shannon Thompson,2018-03-14,Scottport,12398,78325 Teresa Port Apt. 445,0,Cash loans,F,N,N,1,126000.0,327024.0,10264.5,270000.0,Unaccompanied,Working,Secondary / secondary special,Single / not married,House / apartment,0.02461,-14321,-192,-6913.0,-5942,,1,1,0,1,1,0,Laborers,2.0,2,2,SUNDAY,13,0,0,0,0,0,0,Transport: type 4,0.4147940693543055,0.6611083077510267,0.4776491548517548,0.0041,,0.9722,0.6192,,,0.0345,0.0,0.0417,0.0144,0.0034,0.0048,0.0,0.0,0.0042,,0.9722,0.6341,,,0.0345,0.0,0.0417,0.0147,0.0037,0.005,0.0,0.0,0.0042,,0.9722,0.6243,,,0.0345,0.0,0.0417,0.0146,0.0034,0.0049,0.0,0.0,reg oper account,block of flats,0.0083,Others,No,1.0,0.0,1.0,0.0,-2.0,0,1,0,0,0,0,0,0,0,0,0,0,0,0,1,0,0,0,0,0,0.0,0.0,0.0,6.0,0.0,0.0
100103,Amy Morris MD,1981-05-16,Schmidttown,50122,8594 Soto Mountain,0,Cash loans,F,N,Y,0,72000.0,450000.0,16965.0,450000.0,Unaccompanied,Working,Secondary / secondary special,Married,House / apartment,0.009175,-21112,-1694,-6057.0,-4013,,1,1,1,1,0,0,,2.0,2,2,FRIDAY,12,0,0,0,0,0,0,School,,0.7180575365896832,0.511891801533151,,,,,,,,,,,,,,,,,,,,,,,,,,,,,,,,,,,,,,,,,,,,,,,,4.0,0.0,4.0,0.0,0.0,0,1,0,0,0,0,0,0,0,0,0,0,0,0,0,0,0,0,0,0,0.0,0.0,0.0,0.0,0.0,0.0
100104,Christina Smith,1968-02-26,Port Tanya,05151,9089 Thomas Landing,0,Cash loans,F,N,Y,0,90000.0,547344.0,30690.0,472500.0,Unaccompanied,Working,Secondary / secondary special,Married,House / apartment,0.022625,-18556,-862,-6769.0,-2045,,1,1,0,1,1,0,Waiters/barmen staff,2.0,2,2,WEDNESDAY,17,0,0,0,0,0,0,Business Entity Type 3,0.7631370618175837,0.6446273721560554,,,,,,,,,,,,,,,,,,,,,,,,,,,,,,,,,,,,,,,,,,,,,,,,,1.0,0.0,1.0,0.0,-2591.0,0,1,0,0,0,0,0,0,0,0,0,0,0,0,0,0,0,0,0,0,0.0,0.0,0.0,0.0,0.0,1.0
100105,Melissa Ramos,2002-12-07,Lake Nicholaston,15898,0535 Davis Walks,0,Cash loans,F,N,Y,0,193500.0,225000.0,23755.5,225000.0,Unaccompanied,Working,Secondary / secondary special,Married,House / apartment,0.031329,-19810,-8862,-4493.0,-3043,,1,1,1,1,1,0,Managers,2.0,2,2,TUESDAY,11,0,0,0,0,0,0,Government,0.765153942091246,0.25475995714691185,0.41184855592423975,,,,,,,,,,,,,,,,,,,,,,,,,,,,,,,,,,,,,,,,,,,,,,,,0.0,0.0,0.0,0.0,-1733.0,0,1,0,0,0,0,0,0,0,0,0,0,0,0,0,0,0,0,0,0,0.0,0.0,0.0,0.0,2.0,4.0
100108,Daniel Hernandez,1998-07-01,Huntstad,65378,014 Hernandez Harbors,0,Cash loans,F,N,Y,3,171000.0,545040.0,31288.5,450000.0,Unaccompanied,Working,Secondary / secondary special,Married,House / apartment,0.006629,-12780,-1415,-5146.0,-870,,1,1,1,1,1,0,Sales staff,5.0,2,2,WEDNESDAY,11,0,0,0,0,1,1,Business Entity Type 3,,0.7566679797246073,0.6413682574954046,,,,,,,,,,,,,,,,,,,,,,,,,,,,,,,,,,,,,,,,,,,,,,,,3.0,0.0,3.0,0.0,-546.0,0,1,0,0,0,0,0,0,0,0,0,0,0,0,0,0,0,0,0,0,0.0,0.0,0.0,0.0,0.0,0.0
100110,Anthony Dyer,1945-12-18,West Catherinemouth,77000,309 Mendoza Causeway Apt. 120,0,Cash loans,M,Y,Y,3,135000.0,373140.0,25065.0,337500.0,Unaccompanied,Commercial associate,Secondary / secondary special,Married,House / apartment,0.035792000000000004,-10744,-741,-442.0,-2381,21.0,1,1,0,1,0,0,Laborers,5.0,2,2,WEDNESDAY,9,0,0,0,0,1,1,Housing,,0.6405493008893001,0.3280631605201915,,,,,,,,,,,,,,,,,,,,,,,,,,,,,,,,,,,,,,,,,,,,,,,,0.0,0.0,0.0,0.0,0.0,0,1,0,0,0,0,0,0,0,0,0,0,0,0,0,0,0,0,0,0,0.0,0.0,0.0,0.0,1.0,2.0
100111,Christopher Larson,1916-12-30,West James,54805,7042 Christine Pine,0,Cash loans,F,Y,N,1,112500.0,862560.0,27954.0,720000.0,Unaccompanied,Commercial associate,Secondary / secondary special,Married,With parents,0.0228,-10485,-1249,-4628.0,-3110,17.0,1,1,0,1,0,0,Sales staff,3.0,2,2,MONDAY,11,0,0,0,0,0,0,Business Entity Type 3,0.5633231337420023,0.608604105963283,0.22888341670067305,0.2619,0.1186,0.9876,0.83,,0.32,0.2759,0.3333,0.375,0.0856,,0.2675,,0.1749,0.2668,0.1231,0.9876,0.8367,,0.3222,0.2759,0.3333,0.375,0.0876,,0.2787,,0.1852,0.2644,0.1186,0.9876,0.8323,,0.32,0.2759,0.3333,0.375,0.0871,,0.2723,,0.1786,reg oper account,block of flats,0.2576,"Stone, brick",No,1.0,0.0,1.0,0.0,-1234.0,0,1,0,0,0,0,0,0,0,0,0,0,0,0,0,0,0,0,0,0,0.0,0.0,0.0,0.0,0.0,0.0
100112,Connie Wade,1931-06-12,Port Angela,31654,61846 Kristine Port,1,Cash loans,M,Y,Y,0,315000.0,953460.0,64107.0,900000.0,Family,Commercial associate,Incomplete higher,Single / not married,With parents,0.030755,-10199,-2015,-4802.0,-1038,2.0,1,1,0,1,0,0,,1.0,2,2,SUNDAY,13,0,0,0,0,1,1,Industry: type 4,,0.4323402118056743,0.07749854649006513,,,,,,,,,,,,,,,,,,,,,,,,,,,,,,,,,,,,,,,,,,,,,,,,0.0,0.0,0.0,0.0,-591.0,0,1,0,0,0,0,0,0,0,0,0,0,0,0,0,0,0,0,0,0,0.0,0.0,0.0,0.0,0.0,2.0
100113,Amanda Hoover,2013-03-15,New Anntown,30610,29527 Shelly Estates,0,Cash loans,M,Y,N,0,76500.0,135000.0,6696.0,135000.0,Unaccompanied,Working,Secondary / secondary special,Single / not married,House / apartment,0.028663,-15137,-7980,-9176.0,-4576,11.0,1,1,1,1,0,0,Low-skill Laborers,1.0,2,2,MONDAY,10,0,0,0,0,0,0,Agriculture,0.4757617930038634,0.5930185238421518,0.7898803468924867,,,,,,,,,,,,,,,,,,,,,,,,,,,,,,,,,,,,,,,,,,,,,,,,0.0,0.0,0.0,0.0,-1981.0,0,1,0,0,0,0,0,0,0,0,0,0,0,0,0,0,0,0,0,0,0.0,0.0,0.0,0.0,0.0,2.0
100114,Joshua Castro,2017-09-13,Everettchester,11231,5095 Joshua Light,0,Cash loans,F,N,Y,0,135000.0,284400.0,22599.0,225000.0,Unaccompanied,Commercial associate,Higher education,Single / not married,House / apartment,0.030755,-10734,-693,-7913.0,-1362,,1,1,0,1,0,0,Laborers,1.0,2,2,MONDAY,14,0,0,0,1,1,0,Restaurant,0.3957242668511344,0.1549370735653434,0.2650494299443805,,,,,,,,,,,,,,,,,,,,,,,,,,,,,,,,,,,,,,,,,,,,,,,,0.0,0.0,0.0,0.0,-227.0,0,1,0,0,0,0,0,0,0,0,0,0,0,0,0,0,0,0,0,0,0.0,0.0,0.0,0.0,0.0,2.0
100115,Christine Adams,1976-08-19,Port Dillonville,29364,026 Juan Plains,0,Cash loans,F,N,N,0,90000.0,315000.0,14683.5,315000.0,"Spouse, partner",Working,Secondary / secondary special,Married,House / apartment,0.028663,-15371,-367,-3071.0,-4211,,1,1,1,1,1,0,,2.0,2,2,SUNDAY,11,0,0,0,0,1,1,Business Entity Type 3,,0.3343001962973505,,0.0247,0.0,0.9707,,,0.0,0.1034,0.0417,,0.0671,,0.0243,,0.0,0.0252,0.0,0.9707,,,0.0,0.1034,0.0417,,0.0686,,0.0253,,0.0,0.025,0.0,0.9707,,,0.0,0.1034,0.0417,,0.0682,,0.0248,,0.0,,block of flats,0.021,Block,No,0.0,0.0,0.0,0.0,-40.0,0,1,0,0,0,0,0,0,0,0,0,0,0,0,0,0,0,0,0,0,0.0,0.0,0.0,0.0,2.0,2.0
100116,Billy Mcmahon,1999-10-12,Garnerstad,18654,828 Kelly Parkways Apt. 578,0,Cash loans,F,N,Y,0,243000.0,900000.0,32017.5,900000.0,Unaccompanied,Working,Higher education,Married,House / apartment,0.010006,-14751,-6737,-3390.0,-4788,,1,1,0,1,0,1,Core staff,2.0,2,1,THURSDAY,11,0,0,0,0,1,1,Kindergarten,0.6712718925800566,0.7002735745029195,0.07105512466873665,0.1474,0.4212,0.9975,0.966,,0.12,0.1034,0.375,0.375,0.0135,0.1059,0.18600000000000005,0.0656,0.1969,0.1502,0.4371,0.9975,0.9673,,0.1208,0.1034,0.375,0.375,0.0138,0.1157,0.1937,0.0661,0.2084,0.1489,0.4212,0.9975,0.9665,,0.12,0.1034,0.375,0.375,0.0138,0.1077,0.1893,0.066,0.201,reg oper spec account,block of flats,0.217,"Stone, brick",No,2.0,0.0,2.0,0.0,-1083.0,0,1,0,0,0,0,0,0,0,0,0,0,0,0,0,0,0,0,0,0,0.0,0.0,0.0,0.0,0.0,0.0
